Metric,Value
平均合格率,0.662529550827423
聚类稳定性,1.0
早期检测率,0.0
综合评分,0.5541765169424743
CV平均分,0.662529550827423
CV标准差,1.18687833744435e-16
