Metric,Value
平均合格率,0.8637548074243351
聚类稳定性,1.0
早期检测率,0.0
综合评分,0.6212516024747784
CV平均分,0.8637548074243354
CV标准差,1.18687833744435e-16
