cluster,min_pts,epsilon,optimal_gest_week
1,5,12.386676431849951,25.0
2,5,12.386676431849951,12.8
1,6,12.403201107216143,25.0
2,6,12.403201107216143,12.8
1,7,17.309338617680005,25.0
2,7,17.309338617680005,12.8
1,8,17.80779250578179,25.0
2,8,17.80779250578179,12.8
1,9,17.80779250578179,25.0
2,9,17.80779250578179,12.8
1,10,18.707141319328482,25.0
2,10,18.707141319328482,12.8
1,11,18.707141319328482,25.0
2,11,18.707141319328482,12.8
1,12,18.833886471571414,25.0
2,12,18.833886471571414,12.8
