cluster,min_pts,epsilon,optimal_gest_week
1,5,15.42620787045356,25.0
2,5,15.42620787045356,22.3
1,6,16.34664509319966,25.0
2,6,16.34664509319966,22.3
1,7,16.34664509319966,25.0
2,7,16.34664509319966,22.3
1,8,17.14118295501579,25.0
2,8,17.14118295501579,22.3
1,9,17.48847041600972,25.0
2,9,17.48847041600972,22.3
1,10,19.073349015940217,25.0
2,10,19.073349015940217,22.3
1,11,20.130143308382618,25.0
2,11,20.130143308382618,22.3
1,12,20.85860211064037,25.0
2,12,20.85860211064037,22.3
