Transporter,第01周,第02周,第03周,第04周,第05周,第06周,第07周,第08周,第09周,第10周,第11周,第12周,第13周,第14周,第15周,第16周,第17周,第18周,第19周,第20周,第21周,第22周,第23周,第24周
T1,0.0,0.0,0.0,0.0,0.0,0.0,0.0,0.0,0.0,0.0,0.0,0.0,0.0,0.0,0.0,0.0,0.0,0.0,0.0,0.0,0.0,0.0,0.0,0.0
T2,0.0,0.0,0.0,0.0,0.0,0.0,0.0,0.0,0.0,0.0,0.0,0.0,0.0,0.0,0.0,0.0,5999.999999999999,0.0,0.0,0.0,0.0,0.0,0.0,0.0
T3,6000.0,6000.0,0.0,6000.0,4926.379661661852,6000.0,4921.594596649315,6000.0,6000.0,6000.0,4924.19995737242,6000.0,0.0,6000.0,6000.000000000001,6000.0,6000.0,6000.0,6000.000000000001,6000.0,6000.000000000002,6000.000000000001,4632.956034117918,6000.0
T4,4920.000000000001,4538.033184643482,6000.0,5999.999999999999,6000.0,5999.999999999999,6000.0,5999.999999999999,5999.999999999999,4933.84875418796,0.0,4924.55180902536,6000.0,5999.999999999999,6000.0,6000.0,1522.2753491939197,1522.2753491939218,6000.0,5999.999999999999,6000.0,6000.00000000005,5999.999999999997,5999.999999999998
T5,6000.0,6000.0,5999.999999999999,4920.000000000001,5999.999999999999,4920.000000000001,5999.999999999999,4920.000000000001,0.0,0.0,5999.999999999999,0.0,6000.0,0.0,0.0,0.0,0.0,5999.999999999999,0.0,6000.0,5999.999999999998,6000.0,6000.0,6000.0
T6,0.0,0.0,0.0,0.0,0.0,0.0,0.0,0.0,4921.249997499366,6000.0,6000.0,6000.0,4920.728267783632,4920.206648679246,6000.000000000001,6000.0,6000.000000000001,5999.999999999999,6000.0,4632.956034117976,4632.956034118013,4632.956034117967,6000.000000000001,6000.0
T7,0.0,0.0,0.0,0.0,0.0,0.0,0.0,0.0,0.0,0.0,0.0,0.0,0.0,0.0,0.0,0.0,0.0,0.0,0.0,0.0,0.0,0.0,0.0,0.0
T8,0.0,381.96681535651913,4920.000000000001,0.0,0.0,0.0,0.0,0.0,0.0,0.0,0.0,0.0,0.0,0.0,0.0,781.1361817653703,0.0,0.0,1522.2753491939197,0.0,0.0,0.0,0.0,0.0
